,Subject,RMSE,MAE,RMSE_1,MAE_1,RMSE_2,MAE_2,Mean_RMSE,STD_RMSE,Mean_MAE,STD_MAE
0,540,35.723539363400675,26.34806251525879,37.25673865484354,28.994260787963867,35.622224398453135,27.139741897583008,36.20083413889912,0.9158422029064005,27.494021733601887,1.3582072655798922
1,544,33.70308153682872,22.947275161743164,33.05887969014055,23.64267921447754,31.458269845927934,22.31171989440918,32.74007702429907,1.155863848691505,22.96722475687663,0.6657038888865673
2,552,29.745731336022715,21.418466567993164,29.44622971342745,22.30707359313965,28.797641191312767,21.30072021484375,29.329867413587646,0.48463787433715805,21.67542012532552,0.5501869032167218
3,567,39.038250285477226,26.932270050048828,38.164122473084916,28.509960174560547,37.60597006294346,27.459938049316406,38.26944760716854,0.7219256865271109,27.634056091308594,0.8031278551114047
4,584,38.724656215690764,27.459253311157227,37.7279400569061,28.015655517578125,37.17041197467668,27.232437133789062,37.87433608242451,0.7873961121297537,27.569115320841473,0.4030012469647999
5,596,29.52340028775109,20.880952835083008,29.46735916819925,21.44761848449707,29.244116036459474,21.05640983581543,29.411625164136606,0.14774854537869717,21.128327051798504,0.29009749054849177
