,Subject ID,RMSE,MAE
0,540,33.94169247711166,25.408113730929266
1,544,27.79037124127367,20.347633136094675
2,552,26.684252279722795,20.152210884353742
3,567,37.998505384330514,26.503155237694575
4,584,37.47912096226422,27.007161703731626
5,596,26.729430745162794,19.123031856462834
0,,,
0,,31.770562181644276,23.09021775821112
