,Subject ID,RMSE,MAE
0,540,19.550620664757776,14.001386962552012
1,544,16.56980482542455,11.517011834319527
2,552,15.049464925964083,11.14030612244898
3,567,23.068964302916925,14.67185527976441
4,584,25.19032715116382,16.161326799849228
5,596,15.857545069397567,10.985719516660565
0,,,
0,,19.214454489937452,13.079601085932453
