,Subject,RMSE,MAE,RMSE_1,MAE_1,RMSE_2,MAE_2,Mean_RMSE,STD_RMSE,Mean_MAE,STD_MAE
0,540,35.71315333723784,24.67368507385254,32.595590716839105,19.83812141418457,21.226677516250778,15.665433883666992,29.845140523442577,7.6248427936434835,20.059080123901367,4.508188598530413
1,544,30.360788293789614,20.22112274169922,31.893151235071223,17.74955940246582,19.21026473633912,13.12963581085205,27.154734755066652,6.922643061345774,17.03343931833903,3.5995718778434425
2,552,26.681297993119756,17.938148498535156,26.439180649889664,15.969282150268555,16.692416834753327,12.319634437561035,23.27096515925425,5.6984760019955,15.409021695454916,2.8508496797028715
3,567,32.79956032062873,22.109529495239258,34.11247051345373,19.949546813964844,21.368782076012412,14.999137878417969,29.426937636698288,7.009374906064413,19.019404729207356,3.6453107493762955
4,584,36.99913889939704,26.428627014160156,33.192273962192615,21.46578025817871,23.286914684170004,16.57059097290039,31.159442515253218,7.0785292258289045,21.488332748413086,4.929056715925062
5,596,28.025910514312464,19.754690170288086,31.345909462624665,17.59848403930664,17.82065499999667,12.556998252868652,25.730824992311266,7.048665847852646,16.63672415415446,3.6939719533365727
