,Subject,RMSE,MAE,RMSE_1,MAE_1,RMSE_2,MAE_2,Mean_RMSE,STD_RMSE,Mean_MAE,STD_MAE
0,540,19.160919211654797,14.05633001422475,18.960473972384445,13.930867709815079,19.116279657334246,14.141109530583215,19.07922428045783,0.10523497138844605,14.04276908487435,0.10577490204963656
1,544,17.65018814761082,12.235605793006005,17.71375484084724,12.384669728011303,17.62614624464618,12.244436594842812,17.663363077701415,0.04526588803115624,12.288237371953374,0.08362951175531733
2,552,15.782364271579535,11.544624325446243,16.08329811346929,11.937733499377336,15.944824957407793,11.825653798256537,15.936829114152205,0.15062617445403684,11.769337207693374,0.20251512150131132
3,567,20.707224180152423,14.324277705907718,20.796224820770544,14.427770590771884,20.53831388440435,14.257007330746012,20.68058762844244,0.1310024510823014,14.336351875808539,0.08601954387092087
4,584,22.582244419089964,15.826359014470082,22.935286696072758,16.119671490027375,22.911026492144316,16.002346499804457,22.80951920243568,0.19719916260545794,15.982792334767305,0.14763070855046412
5,596,17.26618695952329,12.047619047619047,17.316154490798652,12.297258297258297,17.340636989386844,12.134920634920634,17.307659479902927,0.03794503451388518,12.15993265993266,0.1266851995558817
