,Subject,RMSE,MAE,RMSE_1,MAE_1,RMSE_2,MAE_2,Mean_RMSE,STD_RMSE,Mean_MAE,STD_MAE
0,540,21.25908080904965,15.234992980957031,26.855951416117133,19.535703659057617,43.19371789537224,36.458038330078125,30.436250040179676,11.397191746446476,23.74291165669759,11.219619548998395
1,544,20.697703446965214,13.470858573913574,25.676347896626453,18.11056137084961,39.76634331374806,34.24514389038086,28.71346488577991,9.890465929197594,21.942187945048016,10.904299805836898
2,552,17.525371361469688,12.55832290649414,25.118779109758574,18.00581169128418,35.39794522803813,29.88127899169922,26.014031899755462,8.96985687302112,20.148471196492512,8.858015816136852
3,567,24.205236905519925,16.143596649169922,30.248047820853767,20.659767150878906,37.991295068430645,31.62828826904297,30.814859931601447,6.910485286465561,22.810550689697266,7.963248144681959
4,584,25.522855202647538,17.036762237548828,29.871554251795615,22.237777709960938,44.718547999194364,38.177162170410156,33.370985817879166,10.064947662513026,25.81723403930664,11.015375982716186
5,596,18.32422083177882,12.653679847717285,24.903725758219892,18.08730125427246,36.816278390029964,31.5883846282959,26.681408326676223,9.37332196556074,20.776455243428547,9.74958579453313
