,Subject,RMSE,MAE,RMSE_1,MAE_1,RMSE_2,MAE_2,Mean_RMSE,STD_RMSE,Mean_MAE,STD_MAE
0,540,34.81539345223402,26.314203730272595,37.07928223053552,28.23558106169297,36.01102174655684,27.466857962697276,35.96856580977546,1.1325413811670868,27.338880918220948,0.9670606523681393
1,544,31.069294055891536,22.146775917349483,33.67322906315523,25.733167082294266,32.08394871074211,22.977912361952264,32.275490609929626,1.3124921351656236,23.619285120532002,1.8772505582858772
2,552,28.6676762723232,21.234222786954682,33.38609124353752,25.78568403218975,29.24403304725809,21.92587886488776,30.43260018770627,2.5739811276813467,22.981928561344063,2.452627282682445
3,567,37.43448755876156,27.02390438247012,41.17493639751652,29.9402390438247,38.542710136264084,28.71093404161133,39.05071136418072,1.9212725768379237,28.55835915596872,1.464141825798025
4,584,37.063671928135605,27.00281011641911,39.73907268712895,29.266961059815337,37.60331946364397,27.408269771176233,38.13535469296951,1.4148280528877546,27.89268031580356,1.2073048726109386
5,596,28.818015580154405,20.803296703296702,31.510664512542068,23.88095238095238,30.260353781623422,22.344688644688645,30.1963446247733,1.347465193388164,22.342979242979244,1.538828550908843
