,Subject,RMSE,MAE,RMSE_1,MAE_1,RMSE_2,MAE_2,Mean_RMSE,STD_RMSE,Mean_MAE,STD_MAE
0,540,22.294479411578237,16.469701280227596,21.36729530560895,15.922332859174965,21.68743433340746,15.968136557610242,21.78306968353155,0.47093224750014223,16.12005689900427,0.30366575323597284
1,544,23.412311880298372,15.451783821971034,18.481004023425836,12.719533733663017,21.02110762392146,14.75732956552455,20.971474509215223,2.466028564183672,14.309549040386202,1.420097949186842
2,552,18.680486196820617,13.44541303445413,16.68862397548407,12.474470734744708,18.485473861308705,13.735990037359901,17.951528011204463,1.0980448102557545,13.218624602186248,0.6606303675093769
3,567,23.61366134584177,16.147477360931436,23.26306798424645,15.79991375592928,23.14868415842452,16.384217335058214,23.341804496170912,0.2422819121130126,16.110536150639643,0.2938982101154876
4,584,28.219009117211996,19.338678138443488,24.635933388499115,17.27493156042237,26.65619253951978,19.18771998435667,26.503711681743628,1.7963979871993703,18.600443227740843,1.1504055703182992
5,596,21.775997880558396,14.841269841269842,18.28496176752434,12.595238095238095,20.31692439882122,14.81132756132756,20.125961348967987,1.753334951010194,14.082611832611832,1.2881904405032183
