,Subject,RMSE,MAE,RMSE_1,MAE_1,RMSE_2,MAE_2,Mean_RMSE,STD_RMSE,Mean_MAE,STD_MAE
0,540,19.162374228152,14.250924608819346,18.875854054514726,13.613371266002845,19.63469365381313,15.1149359886202,19.22430731215995,0.3831920726435933,14.326410621147465,0.7536230872227401
1,544,17.768448654097398,12.253267396679618,17.579963145679848,12.05121865065348,17.893381002929587,13.165665842458495,17.747264267568944,0.1577791874272226,12.490050629930531,0.5937574087892191
2,552,16.034650110030466,11.755915317559154,15.627872089708946,11.315483603154837,17.133640705804954,13.480282274802823,16.265387635181455,0.7789509839775056,12.183893731838937,1.144098974962088
3,567,20.278271115427692,14.11211729193618,20.850367335493416,14.295385942216473,21.354055535107705,15.723156532988357,20.827564662009603,0.5382545873887858,14.710219922380338,0.8820018607556552
4,584,22.56493692808901,15.761439186546735,22.24058729244853,15.416503715291357,22.818569923625923,16.192804067266326,22.541364714721155,0.2897114381897615,15.790248989701473,0.3889512343308301
5,596,17.212763310381654,11.969696969696969,16.899605945011885,11.754689754689755,18.034738804645986,13.331890331890332,17.38236935334651,0.5862647095066529,12.35209235209235,0.8553128588641944
