,Subject,RMSE,MAE,RMSE_1,MAE_1,RMSE_2,MAE_2,Mean_RMSE,STD_RMSE,Mean_MAE,STD_MAE
0,540,36.28888158691679,27.929124820659972,38.52395330802897,30.311334289813487,38.057059026550625,29.09038737446198,37.62329797383213,1.1789817164699545,29.110282161645145,1.1912293400722491
1,544,32.25072112653192,23.081581759886,33.14789112661299,24.159244745279658,33.79221488688139,23.600997506234414,33.06360904667543,0.7741952951601011,23.613941337133355,0.5389480815353631
2,552,28.908309971873184,21.96908089792461,30.3244630993156,23.792460821685726,29.48698016333482,21.609911054637866,29.573251078174536,0.7120073195913759,22.4571509247494,1.170273529873991
3,567,37.80513747699794,27.875608676405488,37.320726860371494,27.993802567507746,37.155810145040675,26.89243027888446,37.427224827470035,0.337509790604328,27.587280507599232,0.6046528584503671
4,584,37.238934701838886,27.7442794058611,39.31297796978333,29.51023685266961,41.055665181758535,30.32958651144119,39.202525951126916,1.910761006878117,29.194700923323968,1.3212211773854288
5,596,28.693823919713648,20.775091575091576,30.054590136589592,22.39267399267399,30.12182833303022,21.366300366300365,29.623414129777817,0.8057504035062663,21.511355311355313,0.8184888039745034
