,Subject,RMSE,MAE,RMSE_1,MAE_1,RMSE_2,MAE_2,Mean_RMSE,STD_RMSE,Mean_MAE,STD_MAE
0,540,35.30410619059469,26.22955523672884,34.74181880925401,26.41090387374462,35.74039586658412,27.387374461979913,35.262106955477606,0.5006116125993584,26.675944524151124,0.6227529601424444
1,544,31.880096880790795,22.277876736729606,30.570539592666968,22.280726754542215,30.815348102211853,22.13216957605985,31.088661525223205,0.6962472571710389,22.23025768911056,0.08495874935384294
2,552,28.332486221982847,20.573062261753496,28.81131566255764,21.603981363828886,28.82030379879154,21.711986446421008,28.654701894444006,0.27908314412185203,21.296343357334464,0.628703373527641
3,567,37.37443194088627,26.572819831783974,37.13963338947437,27.090305444887118,36.02165990474412,26.256750774679062,36.84524174503492,0.7228401453149005,26.639958683783387,0.42081357647094064
4,584,37.145811617929645,26.87836210357286,36.569171380599656,26.52950622240064,36.78265718965603,26.876354877559212,36.83254672939511,0.2915393892058666,26.761407734510907,0.20083510830613627
5,596,28.653302106593607,20.56996336996337,28.619711949771823,20.796336996336997,29.020120593605384,21.206959706959708,28.764378216656937,0.22211527904279532,20.857753357753356,0.32290874937651726
