,Subject,RMSE,MAE,RMSE_1,MAE_1,RMSE_2,MAE_2,Mean_RMSE,STD_RMSE,Mean_MAE,STD_MAE
0,540,34.50029013691407,25.582496643066406,35.01855151480873,26.244476318359375,39.96237091148606,30.66571044921875,36.49373752106962,3.0150807471423082,27.49756113688151,2.763590385996528
1,544,29.438039074151153,20.83113670349121,31.42406211309257,22.635910034179688,35.63155093277586,25.465621948242188,32.1645507066732,3.162457873814049,22.977556228637695,2.3360554279799013
2,552,29.477376247712733,21.205421447753906,29.542322866220783,21.848369598388672,31.461451603696208,23.388395309448242,30.16038357254324,1.1272258123730579,22.147395451863606,1.121786996713271
3,567,38.24857023471596,26.815847396850586,38.25613174657022,27.302345275878906,40.18836264626241,28.99822998046875,38.89768820918287,1.1177632446154846,27.705474217732746,1.145680209805564
4,584,37.08316344032946,26.965877532958984,36.710871827723764,26.89160919189453,44.83390571389582,33.19831466674805,39.54264699398301,4.58614373869748,29.018600463867188,3.619929151232673
5,596,27.40617650717056,19.487545013427734,29.995811678661386,21.76996421813965,31.64764196883395,22.634798049926758,29.683210051555296,2.1379422697006776,21.297435760498047,1.6259651830217472
